-- Regions
INSERT INTO Region (id, name) VALUES (1, 'Ayeyarwady Region');
INSERT INTO Region (id, name) VALUES (2, 'Bago Region');
INSERT INTO Region (id, name) VALUES (3, 'Chin State');
INSERT INTO Region (id, name) VALUES (4, 'Kachin State');
INSERT INTO Region (id, name) VALUES (5, 'Kayah State');
INSERT INTO Region (id, name) VALUES (6, 'Kayin State');
INSERT INTO Region (id, name) VALUES (7, 'Magway Region');
INSERT INTO Region (id, name) VALUES (8, 'Mandalay Region');
INSERT INTO Region (id, name) VALUES (9, 'Mon State');
INSERT INTO Region (id, name) VALUES (10, 'Naypyidaw Union Territory');
INSERT INTO Region (id, name) VALUES (11, 'Rakhine State');
INSERT INTO Region (id, name) VALUES (12, 'Sagaing Region');
INSERT INTO Region (id, name) VALUES (13, 'Shan State');
INSERT INTO Region (id, name) VALUES (14, 'Tanintharyi Region');
INSERT INTO Region (id, name) VALUES (15, 'Yangon Region');


-- Ayeyarwady Region (region_id = 1)
INSERT INTO District (name, region_id) VALUES ('Hinthada District', 1);
INSERT INTO District (name, region_id) VALUES ('Kyonpyaw District', 1);
INSERT INTO District (name, region_id) VALUES ('Labutta District', 1);
INSERT INTO District (name, region_id) VALUES ('Ma-ubin District', 1);
INSERT INTO District (name, region_id) VALUES ('Myanaung District', 1);
INSERT INTO District (name, region_id) VALUES ('Myaungmya District', 1);
INSERT INTO District (name, region_id) VALUES ('Pathein District', 1);
INSERT INTO District (name, region_id) VALUES ('Pyapon District', 1);

-- Bago Region (region_id = 2)
INSERT INTO District (name, region_id) VALUES ('Bago District', 2);
INSERT INTO District (name, region_id) VALUES ('Nyaunglebin District', 2);
INSERT INTO District (name, region_id) VALUES ('Nattalin District', 2);
INSERT INTO District (name, region_id) VALUES ('Pyay District', 2);
INSERT INTO District (name, region_id) VALUES ('Taungoo District', 2);
INSERT INTO District (name, region_id) VALUES ('Tharrawaddy District', 2);

-- Chin State (region_id = 3)
INSERT INTO District (name, region_id) VALUES ('Falam District', 3);
INSERT INTO District (name, region_id) VALUES ('Hakha District', 3);
INSERT INTO District (name, region_id) VALUES ('Matupi District', 3);
INSERT INTO District (name, region_id) VALUES ('Mindat District', 3);
INSERT INTO District (name, region_id) VALUES ('Paletwa District', 3);
INSERT INTO District (name, region_id) VALUES ('Tedim District', 3);

-- Kachin State (region_id = 4)
INSERT INTO District (name, region_id) VALUES ('Bhamo District', 4);
INSERT INTO District (name, region_id) VALUES ('Chipwi District', 4);
INSERT INTO District (name, region_id) VALUES ('Mohnyin District', 4);
INSERT INTO District (name, region_id) VALUES ('Myitkyina District', 4);
INSERT INTO District (name, region_id) VALUES ('Putao District', 4);
INSERT INTO District (name, region_id) VALUES ('Tanai District', 4);

-- Kayah State (region_id = 5)
INSERT INTO District (name, region_id) VALUES ('Bawlakhe District', 5);
INSERT INTO District (name, region_id) VALUES ('Demoso District', 5);
INSERT INTO District (name, region_id) VALUES ('Loikaw District', 5);
INSERT INTO District (name, region_id) VALUES ('Mese District', 5);

-- Kayin State (region_id = 6)
INSERT INTO District (name, region_id) VALUES ('Hpa-an District', 6);
INSERT INTO District (name, region_id) VALUES ('Hpapun District', 6);
INSERT INTO District (name, region_id) VALUES ('Kawkareik District', 6);
INSERT INTO District (name, region_id) VALUES ('Kyain Seikgyi District', 6);
INSERT INTO District (name, region_id) VALUES ('Myawaddy District', 6);
INSERT INTO District (name, region_id) VALUES ('Thandaunggyi District', 6);

-- Magway Region (region_id = 7)
INSERT INTO District (name, region_id) VALUES ('Aunglan District', 7);
INSERT INTO District (name, region_id) VALUES ('Chauk District', 7);
INSERT INTO District (name, region_id) VALUES ('Gangaw District', 7);
INSERT INTO District (name, region_id) VALUES ('Magway District', 7);
INSERT INTO District (name, region_id) VALUES ('Minbu District', 7);
INSERT INTO District (name, region_id) VALUES ('Pakokku District', 7);
INSERT INTO District (name, region_id) VALUES ('Thayet District', 7);

-- Mandalay Region (region_id = 8)
INSERT INTO District (name, region_id) VALUES ('Amarapura District', 8);
INSERT INTO District (name, region_id) VALUES ('Aungmyethazan District', 8);
INSERT INTO District (name, region_id) VALUES ('Maha Aungmye District', 8);
INSERT INTO District (name, region_id) VALUES ('Kyaukse District', 8);
INSERT INTO District (name, region_id) VALUES ('Meiktila District', 8);
INSERT INTO District (name, region_id) VALUES ('Mandalay District', 8);
INSERT INTO District (name, region_id) VALUES ('Myingyan District', 8);
INSERT INTO District (name, region_id) VALUES ('Nyaung-U District', 8);
INSERT INTO District (name, region_id) VALUES ('Pyin Oo Lwin District', 8);
INSERT INTO District (name, region_id) VALUES ('Tada-U District', 8);
INSERT INTO District (name, region_id) VALUES ('Yamethin District', 8);

-- Mon State (region_id = 9)
INSERT INTO District (name, region_id) VALUES ('Kyaikto District', 9);
INSERT INTO District (name, region_id) VALUES ('Mawlamyine District', 9);
INSERT INTO District (name, region_id) VALUES ('Thaton District', 9);
INSERT INTO District (name, region_id) VALUES ('Ye District', 9);

-- Naypyidaw Union Territory (region_id = 10)
INSERT INTO District (name, region_id) VALUES ('Dekkhina District', 10);
INSERT INTO District (name, region_id) VALUES ('Ottara District', 10);
INSERT INTO District (name, region_id) VALUES ('Pyinmana District', 10);
INSERT INTO District (name, region_id) VALUES ('Zeyathiri District', 10);

-- Rakhine State (region_id = 11)
INSERT INTO District (name, region_id) VALUES ('Ann District', 11);
INSERT INTO District (name, region_id) VALUES ('Kyaukphyu District', 11);
INSERT INTO District (name, region_id) VALUES ('Maungdaw District', 11);
INSERT INTO District (name, region_id) VALUES ('Mrauk-U District', 11);
INSERT INTO District (name, region_id) VALUES ('Sittwe District', 11);
INSERT INTO District (name, region_id) VALUES ('Thandwe District', 11);
INSERT INTO District (name, region_id) VALUES ('Taungup District', 11);

-- Sagaing Region (region_id = 12)
INSERT INTO District (name, region_id) VALUES ('Hkamti District', 12);
INSERT INTO District (name, region_id) VALUES ('Homalin District', 12);
INSERT INTO District (name, region_id) VALUES ('Kanbalu District', 12);
INSERT INTO District (name, region_id) VALUES ('Kale District', 12);
INSERT INTO District (name, region_id) VALUES ('Katha District', 12);
INSERT INTO District (name, region_id) VALUES ('Kawlin District', 12);
INSERT INTO District (name, region_id) VALUES ('Mawlaik District', 12);
INSERT INTO District (name, region_id) VALUES ('Monywa District', 12);
INSERT INTO District (name, region_id) VALUES ('Sagaing District', 12);
INSERT INTO District (name, region_id) VALUES ('Shwebo District', 12);
INSERT INTO District (name, region_id) VALUES ('Tamu District', 12);
INSERT INTO District (name, region_id) VALUES ('Ye-U District', 12);
INSERT INTO District (name, region_id) VALUES ('Yinmabin District', 12);

-- Shan State (region_id = 13)
INSERT INTO District (name, region_id) VALUES ('Kalaw District', 13);
INSERT INTO District (name, region_id) VALUES ('Kengtung District', 13);
INSERT INTO District (name, region_id) VALUES ('Kutkai District', 13);
INSERT INTO District (name, region_id) VALUES ('Kyaukme District', 13);
INSERT INTO District (name, region_id) VALUES ('Langhko District', 13);
INSERT INTO District (name, region_id) VALUES ('Lashio District', 13);
INSERT INTO District (name, region_id) VALUES ('Loilen District', 13);
INSERT INTO District (name, region_id) VALUES ('Mong Hsat District', 13);
INSERT INTO District (name, region_id) VALUES ('Mong Hsu District', 13);
INSERT INTO District (name, region_id) VALUES ('Mong La District', 13);
INSERT INTO District (name, region_id) VALUES ('Mongmit District', 13);
INSERT INTO District (name, region_id) VALUES ('Mong Ton District', 13);
INSERT INTO District (name, region_id) VALUES ('Mong Yang District', 13);
INSERT INTO District (name, region_id) VALUES ('Mong Yawng District', 13);
INSERT INTO District (name, region_id) VALUES ('Muse District', 13);
INSERT INTO District (name, region_id) VALUES ('Nansang District', 13);
INSERT INTO District (name, region_id) VALUES ('Tachileik District', 13);
INSERT INTO District (name, region_id) VALUES ('Tangyan District', 13);
INSERT INTO District (name, region_id) VALUES ('Taunggyi District', 13);

-- Tanintharyi Region (region_id = 14)
INSERT INTO District (name, region_id) VALUES ('Bokepyin District', 14);
INSERT INTO District (name, region_id) VALUES ('Dawei District', 14);
INSERT INTO District (name, region_id) VALUES ('Kawthaung District', 14);
INSERT INTO District (name, region_id) VALUES ('Myeik District', 14);

-- Yangon Region (region_id = 15)
INSERT INTO District (name, region_id) VALUES ('Ahlon District', 15);
INSERT INTO District (name, region_id) VALUES ('Botataung District', 15);
INSERT INTO District (name, region_id) VALUES ('Dagon Myothit District', 15);
INSERT INTO District (name, region_id) VALUES ('Dagon Seikkan District', 15);
INSERT INTO District (name, region_id) VALUES ('Hlegu District', 15);
INSERT INTO District (name, region_id) VALUES ('Hmawbi District', 15);
INSERT INTO District (name, region_id) VALUES ('Insein District', 15);
INSERT INTO District (name, region_id) VALUES ('Kamayut District', 15);
INSERT INTO District (name, region_id) VALUES ('Kyauktada District', 15);
INSERT INTO District (name, region_id) VALUES ('Mayangon District', 15);
INSERT INTO District (name, region_id) VALUES ('Mingaladon District', 15);
INSERT INTO District (name, region_id) VALUES ('North Okkalapa District', 15);
INSERT INTO District (name, region_id) VALUES ('South Okkalapa District', 15);
INSERT INTO District (name, region_id) VALUES ('Thingangyun District', 15);


-- Assumes a 'District' table with an 'id' and 'name' column exists.
-- Assumes a 'Township' table with 'name' and 'district_id' columns exists.

-- =============================================================================
-- Ayeyarwady Region (region_id = 1)
-- =============================================================================

-- Hinthada District
INSERT INTO Township (name, district_id) VALUES ('Hinthada', (SELECT id FROM District WHERE name = 'Hinthada District'));
INSERT INTO Township (name, district_id) VALUES ('Lemyethna', (SELECT id FROM District WHERE name = 'Hinthada District'));
INSERT INTO Township (name, district_id) VALUES ('Zalun', (SELECT id FROM District WHERE name = 'Hinthada District'));

-- Kyonpyaw District
INSERT INTO Township (name, district_id) VALUES ('Kyonpyaw', (SELECT id FROM District WHERE name = 'Kyonpyaw District'));
INSERT INTO Township (name, district_id) VALUES ('Yekyi', (SELECT id FROM District WHERE name = 'Kyonpyaw District'));

-- Labutta District
INSERT INTO Township (name, district_id) VALUES ('Labutta', (SELECT id FROM District WHERE name = 'Labutta District'));
INSERT INTO Township (name, district_id) VALUES ('Mawlamyinegyun', (SELECT id FROM District WHERE name = 'Labutta District'));

-- Ma-ubin District
INSERT INTO Township (name, district_id) VALUES ('Ma-ubin', (SELECT id FROM District WHERE name = 'Ma-ubin District'));
INSERT INTO Township (name, district_id) VALUES ('Nyaungdon', (SELECT id FROM District WHERE name = 'Ma-ubin District'));
INSERT INTO Township (name, district_id) VALUES ('Danuphyu', (SELECT id FROM District WHERE name = 'Ma-ubin District'));
INSERT INTO Township (name, district_id) VALUES ('Pantanaw', (SELECT id FROM District WHERE name = 'Ma-ubin District'));

-- Myanaung District
INSERT INTO Township (name, district_id) VALUES ('Myanaung', (SELECT id FROM District WHERE name = 'Myanaung District'));
INSERT INTO Township (name, district_id) VALUES ('Kyangin', (SELECT id FROM District WHERE name = 'Myanaung District'));
INSERT INTO Township (name, district_id) VALUES ('Ingapu', (SELECT id FROM District WHERE name = 'Myanaung District'));

-- Myaungmya District
INSERT INTO Township (name, district_id) VALUES ('Myaungmya', (SELECT id FROM District WHERE name = 'Myaungmya District'));
INSERT INTO Township (name, district_id) VALUES ('Einme', (SELECT id FROM District WHERE name = 'Myaungmya District'));
INSERT INTO Township (name, district_id) VALUES ('Wakema', (SELECT id FROM District WHERE name = 'Myaungmya District'));

-- Pathein District
INSERT INTO Township (name, district_id) VALUES ('Pathein', (SELECT id FROM District WHERE name = 'Pathein District'));
INSERT INTO Township (name, district_id) VALUES ('Kangyidaunt', (SELECT id FROM District WHERE name = 'Pathein District'));
INSERT INTO Township (name, district_id) VALUES ('Thabaung', (SELECT id FROM District WHERE name = 'Pathein District'));
INSERT INTO Township (name, district_id) VALUES ('Ngapudaw', (SELECT id FROM District WHERE name = 'Pathein District'));

-- Pyapon District
INSERT INTO Township (name, district_id) VALUES ('Pyapon', (SELECT id FROM District WHERE name = 'Pyapon District'));
INSERT INTO Township (name, district_id) VALUES ('Bogale', (SELECT id FROM District WHERE name = 'Pyapon District'));
INSERT INTO Township (name, district_id) VALUES ('Kyaiklat', (SELECT id FROM District WHERE name = 'Pyapon District'));
INSERT INTO Township (name, district_id) VALUES ('Dedaye', (SELECT id FROM District WHERE name = 'Pyapon District'));


-- =============================================================================
-- Bago Region (region_id = 2)
-- =============================================================================

-- Bago District
INSERT INTO Township (name, district_id) VALUES ('Bago', (SELECT id FROM District WHERE name = 'Bago District'));
INSERT INTO Township (name, district_id) VALUES ('Kawa', (SELECT id FROM District WHERE name = 'Bago District'));
INSERT INTO Township (name, district_id) VALUES ('Thanatpin', (SELECT id FROM District WHERE name = 'Bago District'));
INSERT INTO Township (name, district_id) VALUES ('Waw', (SELECT id FROM District WHERE name = 'Bago District'));

-- Nyaunglebin District
INSERT INTO Township (name, district_id) VALUES ('Nyaunglebin', (SELECT id FROM District WHERE name = 'Nyaunglebin District'));
INSERT INTO Township (name, district_id) VALUES ('Kyauktaga', (SELECT id FROM District WHERE name = 'Nyaunglebin District'));
INSERT INTO Township (name, district_id) VALUES ('Daik-U', (SELECT id FROM District WHERE name = 'Nyaunglebin District'));
INSERT INTO Township (name, district_id) VALUES ('Shwegyin', (SELECT id FROM District WHERE name = 'Nyaunglebin District'));

-- Nattalin District
INSERT INTO Township (name, district_id) VALUES ('Nattalin', (SELECT id FROM District WHERE name = 'Nattalin District'));
INSERT INTO Township (name, district_id) VALUES ('Paungde', (SELECT id FROM District WHERE name = 'Nattalin District'));
INSERT INTO Township (name, district_id) VALUES ('Thegon', (SELECT id FROM District WHERE name = 'Nattalin District'));
INSERT INTO Township (name, district_id) VALUES ('Zigon', (SELECT id FROM District WHERE name = 'Nattalin District'));

-- Pyay District
INSERT INTO Township (name, district_id) VALUES ('Pyay', (SELECT id FROM District WHERE name = 'Pyay District'));
INSERT INTO Township (name, district_id) VALUES ('Padaung', (SELECT id FROM District WHERE name = 'Pyay District'));
INSERT INTO Township (name, district_id) VALUES ('Pauk-Khaung', (SELECT id FROM District WHERE name = 'Pyay District'));
INSERT INTO Township (name, district_id) VALUES ('Shwedaung', (SELECT id FROM District WHERE name = 'Pyay District'));

-- Taungoo District
INSERT INTO Township (name, district_id) VALUES ('Taungoo', (SELECT id FROM District WHERE name = 'Taungoo District'));
INSERT INTO Township (name, district_id) VALUES ('Htantabin', (SELECT id FROM District WHERE name = 'Taungoo District'));
INSERT INTO Township (name, district_id) VALUES ('Oktwin', (SELECT id FROM District WHERE name = 'Taungoo District'));
INSERT INTO Township (name, district_id) VALUES ('Pyu', (SELECT id FROM District WHERE name = 'Taungoo District'));
INSERT INTO Township (name, district_id) VALUES ('Yedashe', (SELECT id FROM District WHERE name = 'Taungoo District'));
INSERT INTO Township (name, district_id) VALUES ('Kyaukkyi', (SELECT id FROM District WHERE name = 'Taungoo District'));

-- Tharrawaddy District
INSERT INTO Township (name, district_id) VALUES ('Tharrawaddy', (SELECT id FROM District WHERE name = 'Tharrawaddy District'));
INSERT INTO Township (name, district_id) VALUES ('Letpadan', (SELECT id FROM District WHERE name = 'Tharrawaddy District'));
INSERT INTO Township (name, district_id) VALUES ('Minhla', (SELECT id FROM District WHERE name = 'Tharrawaddy District'));
INSERT INTO Township (name, district_id) VALUES ('Monyo', (SELECT id FROM District WHERE name = 'Tharrawaddy District'));
INSERT INTO Township (name, district_id) VALUES ('Okpho', (SELECT id FROM District WHERE name = 'Tharrawaddy District'));
INSERT INTO Township (name, district_id) VALUES ('Gyobingauk', (SELECT id FROM District WHERE name = 'Tharrawaddy District'));


-- =============================================================================
-- Chin State (region_id = 3)
-- =============================================================================

-- Falam District
INSERT INTO Township (name, district_id) VALUES ('Falam', (SELECT id FROM District WHERE name = 'Falam District'));
INSERT INTO Township (name, district_id) VALUES ('Rikhawdar', (SELECT id FROM District WHERE name = 'Falam District'));

-- Hakha District
INSERT INTO Township (name, district_id) VALUES ('Hakha', (SELECT id FROM District WHERE name = 'Hakha District'));
INSERT INTO Township (name, district_id) VALUES ('Htantlang', (SELECT id FROM District WHERE name = 'Hakha District'));

-- Matupi District
INSERT INTO Township (name, district_id) VALUES ('Matupi', (SELECT id FROM District WHERE name = 'Matupi District'));

-- Mindat District
INSERT INTO Township (name, district_id) VALUES ('Mindat', (SELECT id FROM District WHERE name = 'Mindat District'));
INSERT INTO Township (name, district_id) VALUES ('Kanpetlet', (SELECT id FROM District WHERE name = 'Mindat District'));

-- Paletwa District
INSERT INTO Township (name, district_id) VALUES ('Paletwa', (SELECT id FROM District WHERE name = 'Paletwa District'));

-- Tedim District
INSERT INTO Township (name, district_id) VALUES ('Tedim', (SELECT id FROM District WHERE name = 'Tedim District'));
INSERT INTO Township (name, district_id) VALUES ('Tonzang', (SELECT id FROM District WHERE name = 'Tedim District'));
INSERT INTO Township (name, district_id) VALUES ('Cikha', (SELECT id FROM District WHERE name = 'Tedim District'));


-- =============================================================================
-- Kachin State (region_id = 4)
-- =============================================================================

-- Bhamo District
INSERT INTO Township (name, district_id) VALUES ('Bhamo', (SELECT id FROM District WHERE name = 'Bhamo District'));
INSERT INTO Township (name, district_id) VALUES ('Shwegu', (SELECT id FROM District WHERE name = 'Bhamo District'));
INSERT INTO Township (name, district_id) VALUES ('Momauk', (SELECT id FROM District WHERE name = 'Bhamo District'));
INSERT INTO Township (name, district_id) VALUES ('Mansi', (SELECT id FROM District WHERE name = 'Bhamo District'));

-- Chipwi District
INSERT INTO Township (name, district_id) VALUES ('Chipwi', (SELECT id FROM District WHERE name = 'Chipwi District'));
INSERT INTO Township (name, district_id) VALUES ('Hsawlaw', (SELECT id FROM District WHERE name = 'Chipwi District'));

-- Mohnyin District
INSERT INTO Township (name, district_id) VALUES ('Mohnyin', (SELECT id FROM District WHERE name = 'Mohnyin District'));
INSERT INTO Township (name, district_id) VALUES ('Mogaung', (SELECT id FROM District WHERE name = 'Mohnyin District'));

-- Myitkyina District
INSERT INTO Township (name, district_id) VALUES ('Myitkyina', (SELECT id FROM District WHERE name = 'Myitkyina District'));
INSERT INTO Township (name, district_id) VALUES ('Waingmaw', (SELECT id FROM District WHERE name = 'Myitkyina District'));
INSERT INTO Township (name, district_id) VALUES ('Injangyang', (SELECT id FROM District WHERE name = 'Myitkyina District'));

-- Putao District
INSERT INTO Township (name, district_id) VALUES ('Putao', (SELECT id FROM District WHERE name = 'Putao District'));
INSERT INTO Township (name, district_id) VALUES ('Sumprabum', (SELECT id FROM District WHERE name = 'Putao District'));
INSERT INTO Township (name, district_id) VALUES ('Machanbaw', (SELECT id FROM District WHERE name = 'Putao District'));
INSERT INTO Township (name, district_id) VALUES ('Kawnglanghpu', (SELECT id FROM District WHERE name = 'Putao District'));
INSERT INTO Township (name, district_id) VALUES ('Nogmung', (SELECT id FROM District WHERE name = 'Putao District'));

-- Tanai District
INSERT INTO Township (name, district_id) VALUES ('Hpakant', (SELECT id FROM District WHERE name = 'Tanai District'));
INSERT INTO Township (name, district_id) VALUES ('Tanai', (SELECT id FROM District WHERE name = 'Tanai District'));


-- =============================================================================
-- Kayah State (region_id = 5)
-- =============================================================================

-- Bawlakhe District
INSERT INTO Township (name, district_id) VALUES ('Bawlakhe', (SELECT id FROM District WHERE name = 'Bawlakhe District'));
INSERT INTO Township (name, district_id) VALUES ('Hpasawng', (SELECT id FROM District WHERE name = 'Bawlakhe District'));

-- Demoso District
INSERT INTO Township (name, district_id) VALUES ('Demoso', (SELECT id FROM District WHERE name = 'Demoso District'));
INSERT INTO Township (name, district_id) VALUES ('Hpruso', (SELECT id FROM District WHERE name = 'Demoso District'));

-- Loikaw District
INSERT INTO Township (name, district_id) VALUES ('Loikaw', (SELECT id FROM District WHERE name = 'Loikaw District'));
INSERT INTO Township (name, district_id) VALUES ('Shadaw', (SELECT id FROM District WHERE name = 'Loikaw District'));

-- Mese District
INSERT INTO Township (name, district_id) VALUES ('Mese', (SELECT id FROM District WHERE name = 'Mese District'));


-- =============================================================================
-- Kayin State (region_id = 6)
-- =============================================================================

-- Hpa-an District
INSERT INTO Township (name, district_id) VALUES ('Hpa-an', (SELECT id FROM District WHERE name = 'Hpa-an District'));
INSERT INTO Township (name, district_id) VALUES ('Hlaingbwe', (SELECT id FROM District WHERE name = 'Hpa-an District'));
INSERT INTO Township (name, district_id) VALUES ('Thandaunggyi', (SELECT id FROM District WHERE name = 'Hpa-an District'));

-- Hpapun District
INSERT INTO Township (name, district_id) VALUES ('Hpapun', (SELECT id FROM District WHERE name = 'Hpapun District'));

-- Kawkareik District
INSERT INTO Township (name, district_id) VALUES ('Kawkareik', (SELECT id FROM District WHERE name = 'Kawkareik District'));

-- Kyain Seikgyi District
INSERT INTO Township (name, district_id) VALUES ('Kyain Seikgyi', (SELECT id FROM District WHERE name = 'Kyain Seikgyi District'));
INSERT INTO Township (name, district_id) VALUES ('Payathonsu', (SELECT id FROM District WHERE name = 'Kyain Seikgyi District'));

-- Myawaddy District
INSERT INTO Township (name, district_id) VALUES ('Myawaddy', (SELECT id FROM District WHERE name = 'Myawaddy District'));

-- Thandaunggyi District
-- Note: Thandaunggyi Township is often listed under Hpa-an District. If it's its own district, it would be:
-- INSERT INTO Township (name, district_id) VALUES ('Thandaunggyi', (SELECT id FROM District WHERE name = 'Thandaunggyi District'));
-- This is commented out to avoid duplication based on the common structure.


-- =============================================================================
-- Magway Region (region_id = 7)
-- =============================================================================

-- Aunglan District
INSERT INTO Township (name, district_id) VALUES ('Aunglan', (SELECT id FROM District WHERE name = 'Aunglan District'));
INSERT INTO Township (name, district_id) VALUES ('Kamma', (SELECT id FROM District WHERE name = 'Aunglan District'));

-- Chauk District
INSERT INTO Township (name, district_id) VALUES ('Chauk', (SELECT id FROM District WHERE name = 'Chauk District'));
INSERT INTO Township (name, district_id) VALUES ('Yenangyaung', (SELECT id FROM District WHERE name = 'Chauk District'));

-- Gangaw District
INSERT INTO Township (name, district_id) VALUES ('Gangaw', (SELECT id FROM District WHERE name = 'Gangaw District'));
INSERT INTO Township (name, district_id) VALUES ('Saw', (SELECT id FROM District WHERE name = 'Gangaw District'));
INSERT INTO Township (name, district_id) VALUES ('Tilin', (SELECT id FROM District WHERE name = 'Gangaw District'));

-- Magway District
INSERT INTO Township (name, district_id) VALUES ('Magway', (SELECT id FROM District WHERE name = 'Magway District'));
INSERT INTO Township (name, district_id) VALUES ('Yenanchaung', (SELECT id FROM District WHERE name = 'Magway District'));
INSERT INTO Township (name, district_id) VALUES ('Chauck', (SELECT id FROM District WHERE name = 'Magway District'));
INSERT INTO Township (name, district_id) VALUES ('Taungdwingyi', (SELECT id FROM District WHERE name = 'Magway District'));
INSERT INTO Township (name, district_id) VALUES ('Myothit', (SELECT id FROM District WHERE name = 'Magway District'));
INSERT INTO Township (name, district_id) VALUES ('Natmauk', (SELECT id FROM District WHERE name = 'Magway District'));

-- Minbu District
INSERT INTO Township (name, district_id) VALUES ('Minbu', (SELECT id FROM District WHERE name = 'Minbu District'));
INSERT INTO Township (name, district_id) VALUES ('Pwinbyu', (SELECT id FROM District WHERE name = 'Minbu District'));
INSERT INTO Township (name, district_id) VALUES ('Ngape', (SELECT id FROM District WHERE name = 'Minbu District'));
INSERT INTO Township (name, district_id) VALUES ('Salin', (SELECT id FROM District WHERE name = 'Minbu District'));
INSERT INTO Township (name, district_id) VALUES ('Sidoktaya', (SELECT id FROM District WHERE name = 'Minbu District'));

-- Pakokku District
INSERT INTO Township (name, district_id) VALUES ('Pakokku', (SELECT id FROM District WHERE name = 'Pakokku District'));
INSERT INTO Township (name, district_id) VALUES ('Myaing', (SELECT id FROM District WHERE name = 'Pakokku District'));
INSERT INTO Township (name, district_id) VALUES ('Pauk', (SELECT id FROM District WHERE name = 'Pakokku District'));
INSERT INTO Township (name, district_id) VALUES ('Seikphyu', (SELECT id FROM District WHERE name = 'Pakokku District'));
INSERT INTO Township (name, district_id) VALUES ('Yesagyo', (SELECT id FROM District WHERE name = 'Pakokku District'));

-- Thayet District
INSERT INTO Township (name, district_id) VALUES ('Thayet', (SELECT id FROM District WHERE name = 'Thayet District'));
INSERT INTO Township (name, district_id) VALUES ('Minhla', (SELECT id FROM District WHERE name = 'Thayet District'));
INSERT INTO Township (name, district_id) VALUES ('Mindon', (SELECT id FROM District WHERE name = 'Thayet District'));
INSERT INTO Township (name, district_id) VALUES ('Kamma', (SELECT id FROM District WHERE name = 'Thayet District'));
INSERT INTO Township (name, district_id) VALUES ('Aunglan', (SELECT id FROM District WHERE name = 'Thayet District'));
INSERT INTO Township (name, district_id) VALUES ('Sinbaungwe', (SELECT id FROM District WHERE name = 'Thayet District'));


-- =============================================================================
-- Mandalay Region (region_id = 8)
-- =============================================================================

-- Amarapura District
INSERT INTO Township (name, district_id) VALUES ('Amarapura', (SELECT id FROM District WHERE name = 'Amarapura District'));

-- Aungmyethazan District
INSERT INTO Township (name, district_id) VALUES ('Aungmyethazan', (SELECT id FROM District WHERE name = 'Aungmyethazan District'));

-- Maha Aungmye District
INSERT INTO Township (name, district_id) VALUES ('Maha Aungmye', (SELECT id FROM District WHERE name = 'Maha Aungmye District'));
INSERT INTO Township (name, district_id) VALUES ('Chanayethazan', (SELECT id FROM District WHERE name = 'Maha Aungmye District'));
INSERT INTO Township (name, district_id) VALUES ('Chanmyathazi', (SELECT id FROM District WHERE name = 'Maha Aungmye District'));
INSERT INTO Township (name, district_id) VALUES ('Pyigyidagun', (SELECT id FROM District WHERE name = 'Maha Aungmye District'));

-- Kyaukse District
INSERT INTO Township (name, district_id) VALUES ('Kyaukse', (SELECT id FROM District WHERE name = 'Kyaukse District'));
INSERT INTO Township (name, district_id) VALUES ('Myittha', (SELECT id FROM District WHERE name = 'Kyaukse District'));
INSERT INTO Township (name, district_id) VALUES ('Sintgaing', (SELECT id FROM District WHERE name = 'Kyaukse District'));
INSERT INTO Township (name, district_id) VALUES ('Tada-U', (SELECT id FROM District WHERE name = 'Kyaukse District'));

-- Meiktila District
INSERT INTO Township (name, district_id) VALUES ('Meiktila', (SELECT id FROM District WHERE name = 'Meiktila District'));
INSERT INTO Township (name, district_id) VALUES ('Mahlaing', (SELECT id FROM District WHERE name = 'Meiktila District'));
INSERT INTO Township (name, district_id) VALUES ('Thazi', (SELECT id FROM District WHERE name = 'Meiktila District'));
INSERT INTO Township (name, district_id) VALUES ('Wundwin', (SELECT id FROM District WHERE name = 'Meiktila District'));

-- Mandalay District
-- Note: Mandalay's townships are often grouped into their own districts now.
-- See Amarapura, Aungmyethazan, Maha Aungmye.

-- Myingyan District
INSERT INTO Township (name, district_id) VALUES ('Myingyan', (SELECT id FROM District WHERE name = 'Myingyan District'));
INSERT INTO Township (name, district_id) VALUES ('Natogyi', (SELECT id FROM District WHERE name = 'Myingyan District'));
INSERT INTO Township (name, district_id) VALUES ('Taungtha', (SELECT id FROM District WHERE name = 'Myingyan District'));
INSERT INTO Township (name, district_id) VALUES ('Kyaukpadaung', (SELECT id FROM District WHERE name = 'Myingyan District'));

-- Nyaung-U District
INSERT INTO Township (name, district_id) VALUES ('Nyaung-U', (SELECT id FROM District WHERE name = 'Nyaung-U District'));
INSERT INTO Township (name, district_id) VALUES ('Kyaukpadaung', (SELECT id FROM District WHERE name = 'Nyaung-U District'));

-- Pyin Oo Lwin District
INSERT INTO Township (name, district_id) VALUES ('Pyin Oo Lwin', (SELECT id FROM District WHERE name = 'Pyin Oo Lwin District'));
INSERT INTO Township (name, district_id) VALUES ('Singu', (SELECT id FROM District WHERE name = 'Pyin Oo Lwin District'));
INSERT INTO Township (name, district_id) VALUES ('Madaya', (SELECT id FROM District WHERE name = 'Pyin Oo Lwin District'));
INSERT INTO Township (name, district_id) VALUES ('Mogok', (SELECT id FROM District WHERE name = 'Pyin Oo Lwin District'));
INSERT INTO Township (name, district_id) VALUES ('Thabeikkyin', (SELECT id FROM District WHERE name = 'Pyin Oo Lwin District'));

-- Tada-U District
INSERT INTO Township (name, district_id) VALUES ('Tada-U', (SELECT id FROM District WHERE name = 'Tada-U District'));

-- Yamethin District
INSERT INTO Township (name, district_id) VALUES ('Yamethin', (SELECT id FROM District WHERE name = 'Yamethin District'));
INSERT INTO Township (name, district_id) VALUES ('Pyawbwe', (SELECT id FROM District WHERE name = 'Yamethin District'));


-- =============================================================================
-- Mon State (region_id = 9)
-- =============================================================================

-- Kyaikto District
INSERT INTO Township (name, district_id) VALUES ('Kyaikto', (SELECT id FROM District WHERE name = 'Kyaikto District'));
INSERT INTO Township (name, district_id) VALUES ('Bilin', (SELECT id FROM District WHERE name = 'Kyaikto District'));

-- Mawlamyine District
INSERT INTO Township (name, district_id) VALUES ('Mawlamyine', (SELECT id FROM District WHERE name = 'Mawlamyine District'));
INSERT INTO Township (name, district_id) VALUES ('Chaungzon', (SELECT id FROM District WHERE name = 'Mawlamyine District'));
INSERT INTO Township (name, district_id) VALUES ('Kyaikmaraw', (SELECT id FROM District WHERE name = 'Mawlamyine District'));
INSERT INTO Township (name, district_id) VALUES ('Mudon', (SELECT id FROM District WHERE name = 'Mawlamyine District'));
INSERT INTO Township (name, district_id) VALUES ('Thanbyuzayat', (SELECT id FROM District WHERE name = 'Mawlamyine District'));

-- Thaton District
INSERT INTO Township (name, district_id) VALUES ('Thaton', (SELECT id FROM District WHERE name = 'Thaton District'));
INSERT INTO Township (name, district_id) VALUES ('Paung', (SELECT id FROM District WHERE name = 'Thaton District'));

-- Ye District
INSERT INTO Township (name, district_id) VALUES ('Ye', (SELECT id FROM District WHERE name = 'Ye District'));


-- =============================================================================
-- Naypyidaw Union Territory (region_id = 10)
-- =============================================================================

-- Dekkhina District
INSERT INTO Township (name, district_id) VALUES ('Dekkhinathiri', (SELECT id FROM District WHERE name = 'Dekkhina District'));
INSERT INTO Township (name, district_id) VALUES ('Pyinmana', (SELECT id FROM District WHERE name = 'Dekkhina District'));
INSERT INTO Township (name, district_id) VALUES ('Lewe', (SELECT id FROM District WHERE name = 'Dekkhina District'));

-- Ottara District
INSERT INTO Township (name, district_id) VALUES ('Ottarathiri', (SELECT id FROM District WHERE name = 'Ottara District'));
INSERT INTO Township (name, district_id) VALUES ('Pobbathiri', (SELECT id FROM District WHERE name = 'Ottara District'));
INSERT INTO Township (name, district_id) VALUES ('Tatkon', (SELECT id FROM District WHERE name = 'Ottara District'));
INSERT INTO Township (name, district_id) VALUES ('Zeyathiri', (SELECT id FROM District WHERE name = 'Ottara District'));

-- Pyinmana District (Often overlaps with Dekkhina)
-- Townships already listed under Dekkhina District.

-- Zeyathiri District (Often overlaps with Ottara)
-- Townships already listed under Ottara District.


-- =============================================================================
-- Rakhine State (region_id = 11)
-- =============================================================================

-- Ann District
INSERT INTO Township (name, district_id) VALUES ('Ann', (SELECT id FROM District WHERE name = 'Ann District'));

-- Kyaukphyu District
INSERT INTO Township (name, district_id) VALUES ('Kyaukphyu', (SELECT id FROM District WHERE name = 'Kyaukphyu District'));
INSERT INTO Township (name, district_id) VALUES ('Manaung', (SELECT id FROM District WHERE name = 'Kyaukphyu District'));
INSERT INTO Township (name, district_id) VALUES ('Ramree', (SELECT id FROM District WHERE name = 'Kyaukphyu District'));

-- Maungdaw District
INSERT INTO Township (name, district_id) VALUES ('Maungdaw', (SELECT id FROM District WHERE name = 'Maungdaw District'));
INSERT INTO Township (name, district_id) VALUES ('Buthidaung', (SELECT id FROM District WHERE name = 'Maungdaw District'));

-- Mrauk-U District
INSERT INTO Township (name, district_id) VALUES ('Mrauk-U', (SELECT id FROM District WHERE name = 'Mrauk-U District'));
INSERT INTO Township (name, district_id) VALUES ('Kyauktaw', (SELECT id FROM District WHERE name = 'Mrauk-U District'));
INSERT INTO Township (name, district_id) VALUES ('Minbya', (SELECT id FROM District WHERE name = 'Mrauk-U District'));
INSERT INTO Township (name, district_id) VALUES ('Myebon', (SELECT id FROM District WHERE name = 'Mrauk-U District'));

-- Sittwe District
INSERT INTO Township (name, district_id) VALUES ('Sittwe', (SELECT id FROM District WHERE name = 'Sittwe District'));
INSERT INTO Township (name, district_id) VALUES ('Ponnagyun', (SELECT id FROM District WHERE name = 'Sittwe District'));
INSERT INTO Township (name, district_id) VALUES ('Rathedaung', (SELECT id FROM District WHERE name = 'Sittwe District'));

-- Thandwe District
INSERT INTO Township (name, district_id) VALUES ('Thandwe', (SELECT id FROM District WHERE name = 'Thandwe District'));
INSERT INTO Township (name, district_id) VALUES ('Gwa', (SELECT id FROM District WHERE name = 'Thandwe District'));

-- Taungup District
INSERT INTO Township (name, district_id) VALUES ('Taungup', (SELECT id FROM District WHERE name = 'Taungup District'));


-- =============================================================================
-- Sagaing Region (region_id = 12)
-- =============================================================================

-- Hkamti District
INSERT INTO Township (name, district_id) VALUES ('Hkamti', (SELECT id FROM District WHERE name = 'Hkamti District'));
INSERT INTO Township (name, district_id) VALUES ('Homalin', (SELECT id FROM District WHERE name = 'Hkamti District'));
INSERT INTO Township (name, district_id) VALUES ('Lahe', (SELECT id FROM District WHERE name = 'Hkamti District'));
INSERT INTO Township (name, district_id) VALUES ('Leshi', (SELECT id FROM District WHERE name = 'Hkamti District'));
INSERT INTO Township (name, district_id) VALUES ('Nanyun', (SELECT id FROM District WHERE name = 'Hkamti District'));

-- Homalin District (Townships listed under Hkamti)

-- Kanbalu District
INSERT INTO Township (name, district_id) VALUES ('Kanbalu', (SELECT id FROM District WHERE name = 'Kanbalu District'));
INSERT INTO Township (name, district_id) VALUES ('Kyunhla', (SELECT id FROM District WHERE name = 'Kanbalu District'));

-- Kale District
INSERT INTO Township (name, district_id) VALUES ('Kale', (SELECT id FROM District WHERE name = 'Kale District'));
INSERT INTO Township (name, district_id) VALUES ('Kalewa', (SELECT id FROM District WHERE name = 'Kale District'));
INSERT INTO Township (name, district_id) VALUES ('Mingin', (SELECT id FROM District WHERE name = 'Kale District'));

-- Katha District
INSERT INTO Township (name, district_id) VALUES ('Katha', (SELECT id FROM District WHERE name = 'Katha District'));
INSERT INTO Township (name, district_id) VALUES ('Banmauk', (SELECT id FROM District WHERE name = 'Katha District'));
INSERT INTO Township (name, district_id) VALUES ('Indaw', (SELECT id FROM District WHERE name = 'Katha District'));
INSERT INTO Township (name, district_id) VALUES ('Tigyaing', (SELECT id FROM District WHERE name = 'Katha District'));

-- Kawlin District
INSERT INTO Township (name, district_id) VALUES ('Kawlin', (SELECT id FROM District WHERE name = 'Kawlin District'));
INSERT INTO Township (name, district_id) VALUES ('Wuntho', (SELECT id FROM District WHERE name = 'Kawlin District'));
INSERT INTO Township (name, district_id) VALUES ('Pinlebu', (SELECT id FROM District WHERE name = 'Kawlin District'));

-- Mawlaik District
INSERT INTO Township (name, district_id) VALUES ('Mawlaik', (SELECT id FROM District WHERE name = 'Mawlaik District'));
INSERT INTO Township (name, district_id) VALUES ('Paungbyin', (SELECT id FROM District WHERE name = 'Mawlaik District'));

-- Monywa District
INSERT INTO Township (name, district_id) VALUES ('Monywa', (SELECT id FROM District WHERE name = 'Monywa District'));
INSERT INTO Township (name, district_id) VALUES ('Ayadaw', (SELECT id FROM District WHERE name = 'Monywa District'));
INSERT INTO Township (name, district_id) VALUES ('Budalin', (SELECT id FROM District WHERE name = 'Monywa District'));
INSERT INTO Township (name, district_id) VALUES ('Chaung-U', (SELECT id FROM District WHERE name = 'Monywa District'));

-- Sagaing District
INSERT INTO Township (name, district_id) VALUES ('Sagaing', (SELECT id FROM District WHERE name = 'Sagaing District'));
INSERT INTO Township (name, district_id) VALUES ('Myinmu', (SELECT id FROM District WHERE name = 'Sagaing District'));
INSERT INTO Township (name, district_id) VALUES ('Myaung', (SELECT id FROM District WHERE name = 'Sagaing District'));

-- Shwebo District
INSERT INTO Township (name, district_id) VALUES ('Shwebo', (SELECT id FROM District WHERE name = 'Shwebo District'));
INSERT INTO Township (name, district_id) VALUES ('Khin-U', (SELECT id FROM District WHERE name = 'Shwebo District'));
INSERT INTO Township (name, district_id) VALUES ('Wetlet', (SELECT id FROM District WHERE name = 'Shwebo District'));
INSERT INTO Township (name, district_id) VALUES ('Tabayin', (SELECT id FROM District WHERE name = 'Shwebo District'));
INSERT INTO Township (name, district_id) VALUES ('Taze', (SELECT id FROM District WHERE name = 'Shwebo District'));

-- Tamu District
INSERT INTO Township (name, district_id) VALUES ('Tamu', (SELECT id FROM District WHERE name = 'Tamu District'));

-- Ye-U District
INSERT INTO Township (name, district_id) VALUES ('Ye-U', (SELECT id FROM District WHERE name = 'Ye-U District'));
INSERT INTO Township (name, district_id) VALUES ('Depayin', (SELECT id FROM District WHERE name = 'Ye-U District'));

-- Yinmabin District
INSERT INTO Township (name, district_id) VALUES ('Yinmabin', (SELECT id FROM District WHERE name = 'Yinmabin District'));
INSERT INTO Township (name, district_id) VALUES ('Salingyi', (SELECT id FROM District WHERE name = 'Yinmabin District'));
INSERT INTO Township (name, district_id) VALUES ('Pale', (SELECT id FROM District WHERE name = 'Yinmabin District'));
INSERT INTO Township (name, district_id) VALUES ('Kani', (SELECT id FROM District WHERE name = 'Yinmabin District'));


-- =============================================================================
-- Shan State (region_id = 13)
-- =============================================================================

-- Note: Shan State administrative divisions can be complex and vary by source.
-- The following is a common representation.

-- Kengtung District
INSERT INTO Township (name, district_id) VALUES ('Kengtung', (SELECT id FROM District WHERE name = 'Kengtung District'));
INSERT INTO Township (name, district_id) VALUES ('Mong Khet', (SELECT id FROM District WHERE name = 'Kengtung District'));
INSERT INTO Township (name, district_id) VALUES ('Mong La', (SELECT id FROM District WHERE name = 'Kengtung District'));
INSERT INTO Township (name, district_id) VALUES ('Mong Yang', (SELECT id FROM District WHERE name = 'Kengtung District'));
INSERT INTO Township (name, district_id) VALUES ('Mong Yawng', (SELECT id FROM District WHERE name = 'Kengtung District'));

-- Kyaukme District
INSERT INTO Township (name, district_id) VALUES ('Kyaukme', (SELECT id FROM District WHERE name = 'Kyaukme District'));
INSERT INTO Township (name, district_id) VALUES ('Hsipaw', (SELECT id FROM District WHERE name = 'Kyaukme District'));
INSERT INTO Township (name, district_id) VALUES ('Nawnghkio', (SELECT id FROM District WHERE name = 'Kyaukme District'));
INSERT INTO Township (name, district_id) VALUES ('Namtu', (SELECT id FROM District WHERE name = 'Kyaukme District'));

-- Langhko District
INSERT INTO Township (name, district_id) VALUES ('Langkho', (SELECT id FROM District WHERE name = 'Langhko District'));
INSERT INTO Township (name, district_id) VALUES ('Mawkmai', (SELECT id FROM District WHERE name = 'Langhko District'));
INSERT INTO Township (name, district_id) VALUES ('Mong Nai', (SELECT id FROM District WHERE name = 'Langhko District'));
INSERT INTO Township (name, district_id) VALUES ('Mong Pan', (SELECT id FROM District WHERE name = 'Langhko District'));

-- Lashio District
INSERT INTO Township (name, district_id) VALUES ('Lashio', (SELECT id FROM District WHERE name = 'Lashio District'));
INSERT INTO Township (name, district_id) VALUES ('Hseni', (SELECT id FROM District WHERE name = 'Lashio District'));
INSERT INTO Township (name, district_id) VALUES ('Mongyai', (SELECT id FROM District WHERE name = 'Lashio District'));
INSERT INTO Township (name, district_id) VALUES ('Tangyan', (SELECT id FROM District WHERE name = 'Lashio District'));

-- Loilen District
INSERT INTO Township (name, district_id) VALUES ('Loilen', (SELECT id FROM District WHERE name = 'Loilen District'));
INSERT INTO Township (name, district_id) VALUES ('Lai-Hka', (SELECT id FROM District WHERE name = 'Loilen District'));
INSERT INTO Township (name, district_id) VALUES ('Nansang', (SELECT id FROM District WHERE name = 'Loilen District'));
INSERT INTO Township (name, district_id) VALUES ('Kunhing', (SELECT id FROM District WHERE name = 'Loilen District'));
INSERT INTO Township (name, district_id) VALUES ('Kyethi', (SELECT id FROM District WHERE name = 'Loilen District'));
INSERT INTO Township (name, district_id) VALUES ('Mong Hsu', (SELECT id FROM District WHERE name = 'Loilen District'));

-- Mong Hsat District
INSERT INTO Township (name, district_id) VALUES ('Mong Hsat', (SELECT id FROM District WHERE name = 'Mong Hsat District'));
INSERT INTO Township (name, district_id) VALUES ('Mong Ton', (SELECT id FROM District WHERE name = 'Mong Hsat District'));

-- Muse District
INSERT INTO Township (name, district_id) VALUES ('Muse', (SELECT id FROM District WHERE name = 'Muse District'));
INSERT INTO Township (name, district_id) VALUES ('Nanhkan', (SELECT id FROM District WHERE name = 'Muse District'));
INSERT INTO Township (name, district_id) VALUES ('Kutkai', (SELECT id FROM District WHERE name = 'Muse District'));

-- Tachileik District
INSERT INTO Township (name, district_id) VALUES ('Tachileik', (SELECT id FROM District WHERE name = 'Tachileik District'));
INSERT INTO Township (name, district_id) VALUES ('Mong Hpayak', (SELECT id FROM District WHERE name = 'Tachileik District'));
INSERT INTO Township (name, district_id) VALUES ('Mong Yawng', (SELECT id FROM District WHERE name = 'Tachileik District'));

-- Taunggyi District
INSERT INTO Township (name, district_id) VALUES ('Taunggyi', (SELECT id FROM District WHERE name = 'Taunggyi District'));
INSERT INTO Township (name, district_id) VALUES ('Kalaw', (SELECT id FROM District WHERE name = 'Taunggyi District'));
INSERT INTO Township (name, district_id) VALUES ('Nyaungshwe', (SELECT id FROM District WHERE name = 'Taunggyi District'));
INSERT INTO Township (name, district_id) VALUES ('Pindaya', (SELECT id FROM District WHERE name = 'Taunggyi District'));
INSERT INTO Township (name, district_id) VALUES ('Ywangan', (SELECT id FROM District WHERE name = 'Taunggyi District'));
INSERT INTO Township (name, district_id) VALUES ('Hopong', (SELECT id FROM District WHERE name = 'Taunggyi District'));
INSERT INTO Township (name, district_id) VALUES ('Hsi Hseng', (SELECT id FROM District WHERE name = 'Taunggyi District'));
INSERT INTO Township (name, district_id) VALUES ('Lawksawk', (SELECT id FROM District WHERE name = 'Taunggyi District'));
INSERT INTO Township (name, district_id) VALUES ('Pekon', (SELECT id FROM District WHERE name = 'Taunggyi District'));


-- =============================================================================
-- Tanintharyi Region (region_id = 14)
-- =============================================================================

-- Bokepyin District
INSERT INTO Township (name, district_id) VALUES ('Bokepyin', (SELECT id FROM District WHERE name = 'Bokepyin District'));
INSERT INTO Township (name, district_id) VALUES ('Karathuri', (SELECT id FROM District WHERE name = 'Bokepyin District'));
INSERT INTO Township (name, district_id) VALUES ('Pyigyimandaing', (SELECT id FROM District WHERE name = 'Bokepyin District'));

-- Dawei District
INSERT INTO Township (name, district_id) VALUES ('Dawei', (SELECT id FROM District WHERE name = 'Dawei District'));
INSERT INTO Township (name, district_id) VALUES ('Launglon', (SELECT id FROM District WHERE name = 'Dawei District'));
INSERT INTO Township (name, district_id) VALUES ('Thayetchaung', (SELECT id FROM District WHERE name = 'Dawei District'));
INSERT INTO Township (name, district_id) VALUES ('Yebyu', (SELECT id FROM District WHERE name = 'Dawei District'));

-- Kawthaung District
INSERT INTO Township (name, district_id) VALUES ('Kawthaung', (SELECT id FROM District WHERE name = 'Kawthaung District'));
INSERT INTO Township (name, district_id) VALUES ('Khamaukgyi', (SELECT id FROM District WHERE name = 'Kawthaung District'));

-- Myeik District
INSERT INTO Township (name, district_id) VALUES ('Myeik', (SELECT id FROM District WHERE name = 'Myeik District'));
INSERT INTO Township (name, district_id) VALUES ('Kyunsu', (SELECT id FROM District WHERE name = 'Myeik District'));
INSERT INTO Township (name, district_id) VALUES ('Palaw', (SELECT id FROM District WHERE name = 'Myeik District'));
INSERT INTO Township (name, district_id) VALUES ('Tanintharyi', (SELECT id FROM District WHERE name = 'Myeik District'));


-- =============================================================================
-- Yangon Region (region_id = 15)
-- =============================================================================
-- Note: Yangon districts are numerous and mainly cover the city area.
-- Your list is a mix of old and new district names. The following uses a common structure.

-- Eastern District
INSERT INTO Township (name, district_id) VALUES ('Botataung', (SELECT id FROM District WHERE name = 'Botataung District'));
INSERT INTO Township (name, district_id) VALUES ('Dagon Seikkan', (SELECT id FROM District WHERE name = 'Dagon Myothit District'));
INSERT INTO Township (name, district_id) VALUES ('Dawbon', (SELECT id FROM District WHERE name = 'Thingangyun District'));
INSERT INTO Township (name, district_id) VALUES ('East Dagon', (SELECT id FROM District WHERE name = 'Dagon Myothit District'));
INSERT INTO Township (name, district_id) VALUES ('North Dagon', (SELECT id FROM District WHERE name = 'Dagon Myothit District'));
INSERT INTO Township (name, district_id) VALUES ('North Okkalapa', (SELECT id FROM District WHERE name = 'North Okkalapa District'));
INSERT INTO Township (name, district_id) VALUES ('Pazundaung', (SELECT id FROM District WHERE name = 'Botataung District'));
INSERT INTO Township (name, district_id) VALUES ('South Dagon', (SELECT id FROM District WHERE name = 'Dagon Myothit District'));
INSERT INTO Township (name, district_id) VALUES ('South Okkalapa', (SELECT id FROM District WHERE name = 'South Okkalapa District'));
INSERT INTO Township (name, district_id) VALUES ('Thaketa', (SELECT id FROM District WHERE name = 'Botataung District'));
INSERT INTO Township (name, district_id) VALUES ('Thingangyun', (SELECT id FROM District WHERE name = 'Thingangyun District'));

-- Western District
INSERT INTO Township (name, district_id) VALUES ('Ahlon', (SELECT id FROM District WHERE name = 'Ahlon District'));
INSERT INTO Township (name, district_id) VALUES ('Bahan', (SELECT id FROM District WHERE name = 'Kamayut District'));
INSERT INTO Township (name, district_id) VALUES ('Dagon', (SELECT id FROM District WHERE name = 'Ahlon District'));
INSERT INTO Township (name, district_id) VALUES ('Hlaing', (SELECT id FROM District WHERE name = 'Mayangon District'));
INSERT INTO Township (name, district_id) VALUES ('Kamayut', (SELECT id FROM District WHERE name = 'Kamayut District'));
INSERT INTO Township (name, district_id) VALUES ('Kyauktada', (SELECT id FROM District WHERE name = 'Kyauktada District'));
INSERT INTO Township (name, district_id) VALUES ('Kyimyindaing', (SELECT id FROM District WHERE name = 'Ahlon District'));
INSERT INTO Township (name, district_id) VALUES ('Lanmadaw', (SELECT id FROM District WHERE name = 'Kyauktada District'));
INSERT INTO Township (name, district_id) VALUES ('Latha', (SELECT id FROM District WHERE name = 'Kyauktada District'));
INSERT INTO Township (name, district_id) VALUES ('Mayangon', (SELECT id FROM District WHERE name = 'Mayangon District'));
INSERT INTO Township (name, district_id) VALUES ('Pabedan', (SELECT id FROM District WHERE name = 'Kyauktada District'));
INSERT INTO Township (name, district_id) VALUES ('Sanchaung', (SELECT id FROM District WHERE name = 'Ahlon District'));
INSERT INTO Township (name, district_id) VALUES ('Seikkan', (SELECT id FROM District WHERE name = 'Kyauktada District'));

-- Northern District
INSERT INTO Township (name, district_id) VALUES ('Hlaingthaya', (SELECT id FROM District WHERE name = 'Insein District'));
INSERT INTO Township (name, district_id) VALUES ('Insein', (SELECT id FROM District WHERE name = 'Insein District'));
INSERT INTO Township (name, district_id) VALUES ('Mingaladon', (SELECT id FROM District WHERE name = 'Mingaladon District'));
INSERT INTO Township (name, district_id) VALUES ('Shwepyitha', (SELECT id FROM District WHERE name = 'Insein District'));
INSERT INTO Township (name, district_id) VALUES ('Hlegu', (SELECT id FROM District WHERE name = 'Hlegu District'));
INSERT INTO Township (name, district_id) VALUES ('Hmawbi', (SELECT id FROM District WHERE name = 'Hmawbi District'));
INSERT INTO Township (name, district_id) VALUES ('Htantabin', (SELECT id FROM District WHERE name = 'Hmawbi District'));
INSERT INTO Township (name, district_id) VALUES ('Taikkyi', (SELECT id FROM District WHERE name = 'Hmawbi District'));

-- Southern District
INSERT INTO Township (name, district_id) VALUES ('Cocokyun', (SELECT id FROM District WHERE name = 'Ahlon District')); -- Geographically separate
INSERT INTO Township (name, district_id) VALUES ('Dala', (SELECT id FROM District WHERE name = 'Ahlon District'));
INSERT INTO Township (name, district_id) VALUES ('Kawhmu', (SELECT id FROM District WHERE name = 'Twante District')); -- Assuming Twante District exists
INSERT INTO Township (name, district_id) VALUES ('Kayan', (SELECT id FROM District WHERE name = 'Thongwa District')); -- Assuming Thongwa District exists
INSERT INTO Township (name, district_id) VALUES ('Kungyangon', (SELECT id FROM District WHERE name = 'Twante District'));
INSERT INTO Township (name, district_id) VALUES ('Kyauktan', (SELECT id FROM District WHERE name = 'Thongwa District'));
INSERT INTO Township (name, district_id) VALUES ('Seikkyi Kanaungto', (SELECT id FROM District WHERE name = 'Ahlon District'));
INSERT INTO Township (name, district_id) VALUES ('Thongwa', (SELECT id FROM District WHERE name = 'Thongwa District'));
INSERT INTO Township (name, district_id) VALUES ('Twante', (SELECT id FROM District WHERE name = 'Twante District'));

